"Employee Name","Certificate link","Certificate type","Certificate start date","Certificate expiry date",Asset
Harry,https://dev.matrics.agile451.net/system/files/1/Matrix_workflow_6.pdf,MIST,2022-03-01,2022-10-03,"Stena Icemax"
ryan,https://dev.matrics.agile451.net/system/files/1/Matrix_workflow_5.pdf,"OGUK medical",2022-03-17,2022-09-16,"Stena Icemax"
Oliver,https://dev.matrics.agile451.net/system/files/1/Accreditation_certificate_template%20%281%29.pdf,"OPITO BOSIET",2022-03-10,2022-05-07,"Stena Icemax"
George,,,,,"Stena Icemax"
Arthur,,,,,"Stena Icemax"
Noah,,,,,"Stena Icemax"
Archie,https://dev.matrics.agile451.net/system/files/1/Certificate%20of%20Attendance%20%281%29.pdf,"IWCF Drilling and Well Control Level 3/4",2022-02-01,2022-10-04,"Stena Icemax"
Jack,,,,,"Stena Icemax"
Henry,,,,,"Stena Icemax"
Freddie,https://dev.matrics.agile451.net/system/files/1/Certificate%20of%20Attendance%20%281%29_0.pdf,"Fit to train",2022-04-01,2023-01-31,"Stena Icemax"
Theodore,,,,,"Stena Icemax"
Thomas,,,,,"Stena Icemax"
Tommy,,,,,"Stena Icemax"
Scheduler,,,,,"Stena Icemax"
