"Employee Name","Certificate link","Certificate type","Certificate start date","Certificate expiry date"
,,,,
admin,http://dev.matrics.agile451.net/system/files/1/Matrix_workflow_7.pdf,"OPITO BOSIET",2022-03-21,2022-03-24
Archie,,,,
Arthur,,,,
Cooper,http://dev.matrics.agile451.net/system/files/1/Matrix_workflow.pdf,"H2S awareness",2022-03-01,2022-04-09
David,http://dev.matrics.agile451.net/system/files/1/Matrix_workflow_4.pdf,"IWCF Drilling and Well Control Level 3/4",2022-03-10,2022-05-07
Freddie,,,,
George,,,,
Harry,http://dev.matrics.agile451.net/system/files/1/Matrix_workflow_6.pdf,MIST,2022-03-30,2022-05-03
Henry,,,,
Jack,,,,
Joshua,,,,
Leo,,,,
Noah,,,,
Oliver,,,,
ronny,http://dev.matrics.agile451.net/system/files/1/Matrix_workflow_3.pdf,"Stage 4 Crane Operator",2022-02-08,2022-03-01
ryan,http://dev.matrics.agile451.net/system/files/1/Matrix_workflow_5.pdf,"OPITO OERTM",2022-03-17,2022-04-09
Theodore,,,,
Thomas,,,,
Tommy,,,,
